    {
    
    "作者":"荷城茶秀",
    
    "站名":"九八影视",
    
    "主页url":"http://www.98dyb.com/",
    
    "简介":"+<span class=\"detail-content\" style=\"display: none;\">&&</span>",
    
    "影片状态":"状态：&&</p>",
    
    "搜索url":"http://www.98dsw.com/search.php;post;searchword={wd}",
    
    "线路数组":"<h3 class=\"title\">&&/h3>",
    
    "线路标题":">&&<",
    
    "分类url":"http://www.98dyb.com/{cateId}/index{catePg}.html[http://www.98dyb.com/{cateId}/index.html];;akx",
    
    "分类":"电影$dianyingpian#电视剧$dianshiju#综艺$zongyi#动漫$dongman"}