    {
    
    "作者":"荷城茶秀",
    
    "站名":"短剧网",
    
    "主页url":"https://m.duanju5.com/",
    
    "简介":"+内详",
    
    
    "导演":"导演：&&</li>",
    
    "主演":"主演：&&</li>",
    
    "影片类型":"短剧",
    
    "影片地区":"未知",
    
    "影片年代":"未知",
    
    "线路数组":"data-dropdown-value=&&</div>",
    
    "线路标题":"<span>&&</small>[替换:</span><small>>>共]+集",
    
    "数组":"module-item-pic\">&&module-item\">",
    
    "副标题":"module-item-text\"&&</div>",
    
    "分类url":"https://m.duanju5.com/vodshow/{cateId}--{by}------{catePg}---.html;;akx",
    
    "分类":"逆袭片库$nixi#甜宠片库$tianchong#虐恋片库$nuelian#穿越片库$chuanyue"}