    {
    
    "作者":"荷城茶秀",
    
    "站名":"骚火影视",
    
    "主页url":"https://saohuo.tv/",
    
    "简介":"+<p class=\"p_txt show_part\"&&</p>",
    
    "导演":"</h1><p>* / 导演：&& /",
    
    "主演":"主演：&&</p>",
    
    "影片地区":"</h1><p>&& / ",
    
    "影片年代":"<p>* / && /",
    
    "影片状态":"v_note\">&&</div>",
    
    "搜索url":"https://saohuo.tv/search.php?searchword={wd}",
    
    "线路二次截取":"<ul class=\"from_list\">&&</ul>",
    
    "线路数组":"<li&&/li>",
    
    "线路标题":">&&<[替换:1号线路>>骚火专线#2号线路>>骚火备用]",
    
    "分类url":"https://saohuo.tv/list/{cateId}{area}{by}{class}{lang}{catePg}{year}.html;;ak",
    "分类":"电影$1#电视剧$2"}