    {
    
    "作者":"荷城茶秀",
    
    "站名":"vs影视",
    
    "主页url":"https://www.ytshengde.com/",
    
    "简介":"+onclick=\"MyTheme.Layer.Text('剧情简介','&&','500','350')",
    
    "导演":"导演：&&</p>",
    
    "影片状态":"更新：&&</p>",
    
    "影片类型":"分类：&&</a>",
    
    "线路数组":"#playlist&&</li>[不包含:无尽#八戒][排序:秒播>爱坤>优质>量子]",
    
    "线路标题":">&&</a>+线路",
    
    "分类url":"https://www.ytshengde.com/sanyisw/{cateId}-{area}-{by}-{class}-{lang}----{catePg}---{year}.html;;akx",
    
    "分类":"电影$1#电视剧$2#综艺$3#动漫$4#短剧$5"}